Loja,Treino,Previsao
3,60.10483169555664,0.014029502868652344
8,48.86211800575256,0.014307975769042969
44,92.9078917503357,0.015110969543457031
45,60.79931879043579,0.015513896942138672
46,286.6321258544922,0.0170748233795166
47,734.6230428218842,0.020002365112304688
48,217.00914525985718,0.022001981735229492
49,52.894347190856934,0.01291656494140625
50,243.07670783996582,0.014004230499267578
51,54.55049705505371,0.01746964454650879
