Loja,Treino,Previsao
3,6.413599252700806,0.13266372680664062
8,4.897603750228882,0.14362716674804688
44,4.733026742935181,0.16721892356872559
45,3.947530746459961,0.16679954528808594
46,4.651203393936157,0.1742398738861084
47,4.517263174057007,0.13385725021362305
48,4.95081090927124,0.13381099700927734
49,4.600790977478027,0.1336815357208252
50,5.083543539047241,0.1507856845855713
51,4.753491640090942,0.1682426929473877
