Loja,Treino,Previsao
3,13.41311240196228,0.4895031452178955
8,7.843974828720093,0.48526811599731445
44,13.697627782821655,0.4853086471557617
45,9.751720190048218,0.5020720958709717
46,10.770878553390503,0.5017921924591064
47,6.030289888381958,0.5083277225494385
48,14.718011140823364,0.5019285678863525
49,5.769979476928711,0.5186343193054199
50,12.033841848373413,0.5187146663665771
51,13.463241338729858,0.5020802021026611
