Loja,Treino,Previsao
44,0.22809934616088867,0.18139100074768066
45,0.23245716094970703,0.10491609573364258
47,0.22675228118896484,0.10512018203735352
3,0.25005125999450684,0.06858682632446289
49,0.22144317626953125,0.09339547157287598
46,0.19517016410827637,0.05699634552001953
48,0.18585681915283203,0.052401065826416016
51,0.17483091354370117,0.06555366516113281
8,0.18386340141296387,0.08193397521972656
50,0.18613982200622559,0.1275336742401123
