Loja,Treino,Previsao
CA_1,538.684077501297,0.020654916763305664
CA_2,1772.7726361751556,0.07299923896789551
CA_3,850.8637380599976,0.010518550872802734
CA_4,1333.907497882843,0.06014132499694824
TX_1,954.9027388095856,0.09372806549072266
TX_2,337.6238844394684,0.009766101837158203
TX_3,910.3710787296295,0.06828522682189941
WI_1,34.559675455093384,0.005999088287353516
WI_2,841.4000079631805,0.07209634780883789
WI_3,499.1729989051819,0.010003805160522461
