Loja,Treino,Previsao
CA_1,5.2115631103515625,0.11936521530151367
CA_2,5.108983755111694,0.15038418769836426
CA_3,5.318629026412964,0.13293838500976562
CA_4,5.33573055267334,0.1169893741607666
TX_1,5.089300632476807,0.13378596305847168
TX_2,5.238481521606445,0.12978196144104004
TX_3,5.159526348114014,0.1336684226989746
WI_1,5.235244989395142,0.11700892448425293
WI_2,5.566285610198975,0.13685011863708496
WI_3,5.2288818359375,0.12328457832336426
