Loja,Treino,Previsao
CA_1,10.22720456123352,0.5105328559875488
CA_2,8.650939226150513,0.5246319770812988
CA_3,9.717053413391113,0.5519952774047852
CA_4,7.960959434509277,0.5353610515594482
TX_1,10.804397106170654,0.5353074073791504
TX_2,5.970040798187256,0.5338823795318604
TX_3,10.971234798431396,0.5187344551086426
WI_1,10.877108335494995,0.5204870700836182
WI_2,11.398164987564087,0.8531908988952637
WI_3,17.760785579681396,0.5034897327423096
