Loja,Treino,Previsao
CA_1,0.1781902313232422,0.06042075157165527
CA_2,0.22265362739562988,0.07936906814575195
CA_3,0.19035100936889648,0.08650016784667969
CA_4,0.20605874061584473,0.0780634880065918
TX_1,0.2588460445404053,0.10030484199523926
TX_2,0.20423364639282227,0.08086895942687988
TX_3,0.1995539665222168,0.060137033462524414
WI_1,0.1840195655822754,0.10026788711547852
WI_2,0.20962738990783691,0.07307720184326172
WI_3,0.16402149200439453,0.06752276420593262
