Loja,Treino,Previsao
CA_1,0.0,0.0009474754333496094
CA_2,0.0,0.0
CA_3,0.0,0.0
CA_4,0.0,0.0
TX_1,0.0,0.0
TX_2,0.0,0.0
TX_3,0.0,0.0011010169982910156
WI_1,0.0,0.0
WI_2,0.0,0.0
WI_3,0.0,0.0
