Treino,Previsao
664.7023868560791,0.024013757705688477
