Treino,Previsao
5.966893196105957,0.1391904354095459
