Treino,Previsao
11.051379442214966,0.5380494594573975
