Treino,Previsao
0.2888150215148926,0.10093092918395996
