Loja,Item,Treino,Previsao
,,0.0015952587127685,0.0
,,0.0010035037994384,0.0
,,0.0010061264038085,0.0
,,0.0,0.0
,,0.0,0.0
,,0.0,0.0
,,0.0,0.0
,,0.0,0.0
,,0.0,0.0
,,0.0,0.0
,,0.0,0.0
,,0.0048592090606689,0.0
,,0.0,0.0
,,0.0,0.0
,,0.0,0.0
,,0.0003106594085693,0.0
,,0.0,0.0010004043579101
,,0.0,0.0
,,0.0,0.0
,,0.0,0.0
