Treino,Previsao
59.325666427612305,0.01730799674987793
