Treino,Previsao
5.244067668914795,0.2060859203338623
