Treino,Previsao
33.35716795921326,0.5523176193237305
