Treino,Previsao
0.387833833694458,0.12439632415771484
