Loja,Treino,Previsao
3,0.0,0.0
8,0.000919342041015625,0.0
44,0.0,0.0
45,0.0010921955108642578,0.0
46,0.0010027885437011719,0.0
47,0.0,0.0
48,0.0,0.0
49,0.0009877681732177734,0.0
50,0.001073598861694336,0.0
51,0.000986337661743164,0.0
