Treino,Previsao
32.12538409233093,0.008284807205200195
