Treino,Previsao
2.5423052310943604,0.11697053909301758
