Treino,Previsao
11.275091648101807,0.5656147003173828
