Treino,Previsao
0.4389326572418213,0.0449373722076416
