Loja,Treino,Previsao
Loja_1,26.370638132095337,0.0122430324554443
Loja_2,20.679890871047974,0.0100049972534179
Loja_3,23.778340339660645,0.008019208908081
Loja_4,28.08046770095825,0.0092413425445556
Loja_5,36.84631204605103,0.0069999694824218
Loja_6,27.571196794509888,0.0080006122589111
Loja_7,8.22156047821045,0.0060036182403564
Loja_8,6.100881576538086,0.0069098472595214
Loja_9,34.237146854400635,0.0076491832733154
Loja_10,21.00882649421692,0.0090985298156738
