Loja,Treino,Previsao
Loja_1,2.743403911590576,0.1173338890075683
Loja_2,2.6589062213897705,0.1333644390106201
Loja_3,2.693165063858032,0.1173014640808105
Loja_4,2.69254732131958,0.132591962814331
Loja_5,2.608788251876831,0.1173646450042724
Loja_6,2.661351442337036,0.1151936054229736
Loja_7,2.618074893951416,0.148500919342041
Loja_8,2.5980541706085205,0.1533002853393554
Loja_9,2.641460657119751,0.1170763969421386
Loja_10,2.944746255874634,0.1261417865753173
