Loja,Treino,Previsao
Loja_1,12.182565212249756,0.5753288269042969
Loja_2,11.440083026885986,0.5875375270843506
Loja_3,11.570807218551636,0.5655519962310791
Loja_4,11.927858114242554,0.561596155166626
Loja_5,11.729930877685549,0.6360108852386475
Loja_6,12.054204940795898,0.5557050704956055
Loja_7,11.99887466430664,0.6227149963378906
Loja_8,12.438509702682495,0.5504059791564941
Loja_9,12.13164472579956,0.5637969970703125
Loja_10,12.20091152191162,0.5597646236419678
