Loja,Treino,Previsao
Loja_1,0.6874034404754639,0.0417120456695556
Loja_2,0.5512192249298096,0.0342915058135986
Loja_3,0.4516980648040771,0.0500874519348144
Loja_4,0.5261921882629395,0.0424807071685791
Loja_5,0.5040535926818848,0.0408241748809814
Loja_6,0.7976539134979248,0.0281898975372314
Loja_7,0.64042067527771,0.0437855720520019
Loja_8,0.3629934787750244,0.0396084785461425
Loja_9,0.5684711933135986,0.0337622165679931
Loja_10,0.396730899810791,0.0505511760711669
