Loja,Treino,Previsao
,0.0,0.0
,0.0,0.0
,0.0,0.0
,0.0053303241729736,0.0
,0.0,0.0
,0.0,0.0
,0.0,0.0
,0.0050356388092041,0.0
,0.0,0.0
,0.0,0.0
